{
  "styles": {
    "paint": [
      {
        "id": "S:4c5d552228a7ef0abe6cacd5587059b4c0f1c8e5,",
        "name": "Gradient",
        "type": "paint",
        "value": {
          "type": "PAINT",
          "paintType": "GRADIENT_LINEAR",
          "gradientStops": [
            {
              "position": 0,
              "color": {
                "r": 0,
                "g": 0.40392157435417175,
                "b": 0.21960784494876862,
                "a": 1
              }
            },
            {
              "position": 1,
              "color": {
                "r": 0,
                "g": 0.47999998927116394,
                "b": 0.26097092032432556,
                "a": 1
              }
            }
          ],
          "allPaints": [
            {
              "type": "GRADIENT_LINEAR",
              "opacity": 1,
              "gradientStops": [
                {
                  "position": 0,
                  "color": {
                    "r": 0,
                    "g": 0.40392157435417175,
                    "b": 0.21960784494876862,
                    "a": 1
                  },
                  "boundVariable": null
                },
                {
                  "position": 1,
                  "color": {
                    "r": 0,
                    "g": 0.47999998927116394,
                    "b": 0.26097092032432556,
                    "a": 1
                  },
                  "boundVariable": null
                }
              ],
              "gradientTransform": [
                [
                  1,
                  -2.6842725561394994e-16,
                  -2.3684765049626798e-17
                ],
                [
                  1.9749736512047507e-16,
                  0.5056790113449097,
                  0.24716049432754517
                ]
              ]
            }
          ],
          "useVariableReferences": true
        },
        "originalData": {
          "id": "S:4c5d552228a7ef0abe6cacd5587059b4c0f1c8e5,",
          "name": "Gradient",
          "type": "PAINT",
          "boundVariables": {},
          "paints": [
            {
              "type": "GRADIENT_LINEAR",
              "opacity": 1,
              "gradientStops": [
                {
                  "position": 0,
                  "color": {
                    "r": 0,
                    "g": 0.40392157435417175,
                    "b": 0.21960784494876862,
                    "a": 1
                  },
                  "boundVariable": null
                },
                {
                  "position": 1,
                  "color": {
                    "r": 0,
                    "g": 0.47999998927116394,
                    "b": 0.26097092032432556,
                    "a": 1
                  },
                  "boundVariable": null
                }
              ],
              "gradientTransform": [
                [
                  1,
                  -2.6842725561394994e-16,
                  -2.3684765049626798e-17
                ],
                [
                  1.9749736512047507e-16,
                  0.5056790113449097,
                  0.24716049432754517
                ]
              ]
            }
          ]
        }
      },
      {
        "id": "S:ae3692776f53060fbb0c8fdf223ebcce7aebb124,",
        "name": "Accent",
        "type": "paint",
        "value": {
          "type": "PAINT",
          "paintType": "SOLID",
          "color": {
            "r": 0.9607843160629272,
            "g": 0.9764705896377563,
            "b": 0.9686274528503418,
            "a": 1
          },
          "opacity": 1,
          "allPaints": [
            {
              "type": "SOLID",
              "opacity": 1,
              "color": {
                "r": 0.9607843160629272,
                "g": 0.9764705896377563,
                "b": 0.9686274528503418
              }
            }
          ],
          "useVariableReferences": true
        },
        "originalData": {
          "id": "S:ae3692776f53060fbb0c8fdf223ebcce7aebb124,",
          "name": "Accent",
          "type": "PAINT",
          "boundVariables": {},
          "paints": [
            {
              "type": "SOLID",
              "opacity": 1,
              "color": {
                "r": 0.9607843160629272,
                "g": 0.9764705896377563,
                "b": 0.9686274528503418
              }
            }
          ]
        }
      },
      {
        "id": "S:938595784e1179b70fc206165403312f5a53c0b1,",
        "name": "Primary Color",
        "type": "paint",
        "value": {
          "type": "PAINT",
          "paintType": "GRADIENT_LINEAR",
          "gradientStops": [
            {
              "position": 0,
              "color": {
                "r": 0,
                "g": 0.5,
                "b": 0.37218043208122253,
                "a": 1
              }
            },
            {
              "position": 1,
              "color": {
                "r": 0,
                "g": 0.5215686559677124,
                "b": 0.38823530077934265,
                "a": 1
              }
            }
          ],
          "allPaints": [
            {
              "type": "GRADIENT_LINEAR",
              "opacity": 1,
              "gradientStops": [
                {
                  "position": 0,
                  "color": {
                    "r": 0,
                    "g": 0.5,
                    "b": 0.37218043208122253,
                    "a": 1
                  },
                  "boundVariable": null
                },
                {
                  "position": 1,
                  "color": {
                    "r": 0,
                    "g": 0.5215686559677124,
                    "b": 0.38823530077934265,
                    "a": 1
                  },
                  "boundVariable": null
                }
              ],
              "gradientTransform": [
                [
                  1,
                  -2.6842725561394994e-16,
                  -2.3684765049626798e-17
                ],
                [
                  1.9749736512047507e-16,
                  0.5056790113449097,
                  0.24716049432754517
                ]
              ]
            }
          ],
          "useVariableReferences": true
        },
        "originalData": {
          "id": "S:938595784e1179b70fc206165403312f5a53c0b1,",
          "name": "Primary Color",
          "type": "PAINT",
          "boundVariables": {},
          "paints": [
            {
              "type": "GRADIENT_LINEAR",
              "opacity": 1,
              "gradientStops": [
                {
                  "position": 0,
                  "color": {
                    "r": 0,
                    "g": 0.5,
                    "b": 0.37218043208122253,
                    "a": 1
                  },
                  "boundVariable": null
                },
                {
                  "position": 1,
                  "color": {
                    "r": 0,
                    "g": 0.5215686559677124,
                    "b": 0.38823530077934265,
                    "a": 1
                  },
                  "boundVariable": null
                }
              ],
              "gradientTransform": [
                [
                  1,
                  -2.6842725561394994e-16,
                  -2.3684765049626798e-17
                ],
                [
                  1.9749736512047507e-16,
                  0.5056790113449097,
                  0.24716049432754517
                ]
              ]
            }
          ]
        }
      },
      {
        "id": "S:741f7c15146795c46fa6814395fcda0738b1e36c,",
        "name": "Text/Title",
        "type": "paint",
        "value": {
          "type": "PAINT",
          "paintType": "SOLID",
          "color": {
            "r": 0,
            "g": 0.11999999731779099,